,preco_focco_id,cod_item,cod_preven,tabela_descricao,produto,modulacao,comp_modulo,prof_produto,alt_modulo,tipo_acab,embalagem,base_pe,faixa,resp,formula,preco
144195,12288445,26018,155,TABELA CENTURY 2026.2,MESA NICEIA,MESA,0.40M,0.40M,0.50M,PINTURA FOSCA,SEM CX MADEIRA,,,MODULACAO:MESA|FORMATO_MOD:QUADRADO|COMP_MODULO:0.40M|PROF_PRODUTO:0.40M|ALT_MODULO:0.50M|TP_ACAB_TAMPO:MARMORE|TIPO_ACAB:PINTURA FOSCA|EMBAL_REFORCADA:SEM CX MADEIRA,,2388.0
144196,12288444,26018,155,TABELA CENTURY 2026.2,MESA NICEIA,MESA,0.40M,0.40M,0.50M,PINTURA FOSCA,CAIXA MADEIRA,,,MODULACAO:MESA|FORMATO_MOD:QUADRADO|COMP_MODULO:0.40M|PROF_PRODUTO:0.40M|ALT_MODULO:0.50M|TP_ACAB_TAMPO:MARMORE|TIPO_ACAB:PINTURA FOSCA|EMBAL_REFORCADA:CAIXA MADEIRA,,2488.0
144197,12288442,26018,155,TABELA CENTURY 2026.2,MESA NICEIA,MESA,0.40M,0.40M,0.50M,PINTURA MTX,SEM CX MADEIRA,,,MODULACAO:MESA|FORMATO_MOD:QUADRADO|COMP_MODULO:0.40M|PROF_PRODUTO:0.40M|ALT_MODULO:0.50M|TP_ACAB_TAMPO:LAQUEADA|TIPO_ACAB:PINTURA MTX|EMBAL_REFORCADA:SEM CX MADEIRA,,1840.0
144198,12288441,26018,155,TABELA CENTURY 2026.2,MESA NICEIA,MESA,0.40M,0.40M,0.50M,PINTURA MTX,CAIXA MADEIRA,,,MODULACAO:MESA|FORMATO_MOD:QUADRADO|COMP_MODULO:0.40M|PROF_PRODUTO:0.40M|ALT_MODULO:0.50M|TP_ACAB_TAMPO:LAQUEADA|TIPO_ACAB:PINTURA MTX|EMBAL_REFORCADA:CAIXA MADEIRA,,1941.0
144199,12288440,26018,155,TABELA CENTURY 2026.2,MESA NICEIA,MESA,0.40M,0.40M,0.50M,PINTURA METALIZADO,SEM CX MADEIRA,,,MODULACAO:MESA|FORMATO_MOD:QUADRADO|COMP_MODULO:0.40M|PROF_PRODUTO:0.40M|ALT_MODULO:0.50M|TP_ACAB_TAMPO:LAQUEADA|TIPO_ACAB:PINTURA METALIZADO|EMBAL_REFORCADA:SEM CX MADEIRA,,2129.0
144200,12288438,26018,155,TABELA CENTURY 2026.2,MESA NICEIA,MESA,0.40M,0.40M,0.50M,PINTURA METALIZADO,CAIXA MADEIRA,,,MODULACAO:MESA|FORMATO_MOD:QUADRADO|COMP_MODULO:0.40M|PROF_PRODUTO:0.40M|ALT_MODULO:0.50M|TP_ACAB_TAMPO:LAQUEADA|TIPO_ACAB:PINTURA METALIZADO|EMBAL_REFORCADA:CAIXA MADEIRA,,2229.0
144201,12288436,26018,155,TABELA CENTURY 2026.2,MESA NICEIA,MESA,0.40M,0.40M,0.50M,PINTURA FOSCA,SEM CX MADEIRA,,,MODULACAO:MESA|FORMATO_MOD:QUADRADO|COMP_MODULO:0.40M|PROF_PRODUTO:0.40M|ALT_MODULO:0.50M|TP_ACAB_TAMPO:LAQUEADA|TIPO_ACAB:PINTURA FOSCA|EMBAL_REFORCADA:SEM CX MADEIRA,,2129.0
144202,12288435,26018,155,TABELA CENTURY 2026.2,MESA NICEIA,MESA,0.40M,0.40M,0.50M,PINTURA FOSCA,CAIXA MADEIRA,,,MODULACAO:MESA|FORMATO_MOD:QUADRADO|COMP_MODULO:0.40M|PROF_PRODUTO:0.40M|ALT_MODULO:0.50M|TP_ACAB_TAMPO:LAQUEADA|TIPO_ACAB:PINTURA FOSCA|EMBAL_REFORCADA:CAIXA MADEIRA,,2229.0
144203,12288433,26018,155,TABELA CENTURY 2026.2,MESA NICEIA,MESA,0.40M,0.40M,0.50M,PINTURA MTX,SEM CX MADEIRA,,,MODULACAO:MESA|FORMATO_MOD:QUADRADO|COMP_MODULO:0.40M|PROF_PRODUTO:0.40M|ALT_MODULO:0.50M|TP_ACAB_TAMPO:LAQUEADA METALIZADO|TIPO_ACAB:PINTURA MTX|EMBAL_REFORCADA:SEM CX MADEIRA,,1840.0
144204,12288432,26018,155,TABELA CENTURY 2026.2,MESA NICEIA,MESA,0.40M,0.40M,0.50M,PINTURA MTX,CAIXA MADEIRA,,,MODULACAO:MESA|FORMATO_MOD:QUADRADO|COMP_MODULO:0.40M|PROF_PRODUTO:0.40M|ALT_MODULO:0.50M|TP_ACAB_TAMPO:LAQUEADA METALIZADO|TIPO_ACAB:PINTURA MTX|EMBAL_REFORCADA:CAIXA MADEIRA,,1941.0
144205,12288431,26018,155,TABELA CENTURY 2026.2,MESA NICEIA,MESA,0.40M,0.40M,0.50M,PINTURA METALIZADO,SEM CX MADEIRA,,,MODULACAO:MESA|FORMATO_MOD:QUADRADO|COMP_MODULO:0.40M|PROF_PRODUTO:0.40M|ALT_MODULO:0.50M|TP_ACAB_TAMPO:LAQUEADA METALIZADO|TIPO_ACAB:PINTURA METALIZADO|EMBAL_REFORCADA:SEM CX MADEIRA,,2129.0
144206,12288429,26018,155,TABELA CENTURY 2026.2,MESA NICEIA,MESA,0.40M,0.40M,0.50M,PINTURA METALIZADO,CAIXA MADEIRA,,,MODULACAO:MESA|FORMATO_MOD:QUADRADO|COMP_MODULO:0.40M|PROF_PRODUTO:0.40M|ALT_MODULO:0.50M|TP_ACAB_TAMPO:LAQUEADA METALIZADO|TIPO_ACAB:PINTURA METALIZADO|EMBAL_REFORCADA:CAIXA MADEIRA,,2229.0
144207,12288427,26018,155,TABELA CENTURY 2026.2,MESA NICEIA,MESA,0.40M,0.40M,0.50M,PINTURA FOSCA,SEM CX MADEIRA,,,MODULACAO:MESA|FORMATO_MOD:QUADRADO|COMP_MODULO:0.40M|PROF_PRODUTO:0.40M|ALT_MODULO:0.50M|TP_ACAB_TAMPO:LAQUEADA METALIZADO|TIPO_ACAB:PINTURA FOSCA|EMBAL_REFORCADA:SEM CX MADEIRA,,2129.0
144208,12288426,26018,155,TABELA CENTURY 2026.2,MESA NICEIA,MESA,0.40M,0.40M,0.50M,PINTURA FOSCA,CAIXA MADEIRA,,,MODULACAO:MESA|FORMATO_MOD:QUADRADO|COMP_MODULO:0.40M|PROF_PRODUTO:0.40M|ALT_MODULO:0.50M|TP_ACAB_TAMPO:LAQUEADA METALIZADO|TIPO_ACAB:PINTURA FOSCA|EMBAL_REFORCADA:CAIXA MADEIRA,,2229.0
144209,12288425,26018,155,TABELA CENTURY 2026.2,MESA NICEIA,MESA,0.40M,0.40M,0.50M,PINTURA MTX,SEM CX MADEIRA,,,MODULACAO:MESA|FORMATO_MOD:QUADRADO|COMP_MODULO:0.40M|PROF_PRODUTO:0.40M|ALT_MODULO:0.50M|TP_ACAB_TAMPO:LAMINADO|TIPO_ACAB:PINTURA MTX|EMBAL_REFORCADA:SEM CX MADEIRA,,1840.0
144210,12288423,26018,155,TABELA CENTURY 2026.2,MESA NICEIA,MESA,0.40M,0.40M,0.50M,PINTURA MTX,CAIXA MADEIRA,,,MODULACAO:MESA|FORMATO_MOD:QUADRADO|COMP_MODULO:0.40M|PROF_PRODUTO:0.40M|ALT_MODULO:0.50M|TP_ACAB_TAMPO:LAMINADO|TIPO_ACAB:PINTURA MTX|EMBAL_REFORCADA:CAIXA MADEIRA,,1941.0
144211,12288421,26018,155,TABELA CENTURY 2026.2,MESA NICEIA,MESA,0.40M,0.40M,0.50M,PINTURA METALIZADO,SEM CX MADEIRA,,,MODULACAO:MESA|FORMATO_MOD:QUADRADO|COMP_MODULO:0.40M|PROF_PRODUTO:0.40M|ALT_MODULO:0.50M|TP_ACAB_TAMPO:LAMINADO|TIPO_ACAB:PINTURA METALIZADO|EMBAL_REFORCADA:SEM CX MADEIRA,,2129.0
144212,12288420,26018,155,TABELA CENTURY 2026.2,MESA NICEIA,MESA,0.40M,0.40M,0.50M,PINTURA METALIZADO,CAIXA MADEIRA,,,MODULACAO:MESA|FORMATO_MOD:QUADRADO|COMP_MODULO:0.40M|PROF_PRODUTO:0.40M|ALT_MODULO:0.50M|TP_ACAB_TAMPO:LAMINADO|TIPO_ACAB:PINTURA METALIZADO|EMBAL_REFORCADA:CAIXA MADEIRA,,2229.0
144213,12288418,26018,155,TABELA CENTURY 2026.2,MESA NICEIA,MESA,0.40M,0.40M,0.50M,PINTURA FOSCA,SEM CX MADEIRA,,,MODULACAO:MESA|FORMATO_MOD:QUADRADO|COMP_MODULO:0.40M|PROF_PRODUTO:0.40M|ALT_MODULO:0.50M|TP_ACAB_TAMPO:LAMINADO|TIPO_ACAB:PINTURA FOSCA|EMBAL_REFORCADA:SEM CX MADEIRA,,2129.0
144214,12288417,26018,155,TABELA CENTURY 2026.2,MESA NICEIA,MESA,0.40M,0.40M,0.50M,PINTURA FOSCA,CAIXA MADEIRA,,,MODULACAO:MESA|FORMATO_MOD:QUADRADO|COMP_MODULO:0.40M|PROF_PRODUTO:0.40M|ALT_MODULO:0.50M|TP_ACAB_TAMPO:LAMINADO|TIPO_ACAB:PINTURA FOSCA|EMBAL_REFORCADA:CAIXA MADEIRA,,2229.0
144215,12288415,26018,155,TABELA CENTURY 2026.2,MESA NICEIA,MESA,0.40M,0.40M,0.50M,PINTURA MTX,SEM CX MADEIRA,,,MODULACAO:MESA|FORMATO_MOD:QUADRADO|COMP_MODULO:0.40M|PROF_PRODUTO:0.40M|ALT_MODULO:0.50M|TP_ACAB_TAMPO:LAMINADO ESPECIAL|TIPO_ACAB:PINTURA MTX|EMBAL_REFORCADA:SEM CX MADEIRA,,1840.0
144216,12288330,26018,155,TABELA CENTURY 2026.2,MESA NICEIA,MESA,0.40M,0.40M,0.35M,PINTURA FOSCA,SEM CX MADEIRA,,,MODULACAO:MESA|FORMATO_MOD:QUADRADO|COMP_MODULO:0.40M|PROF_PRODUTO:0.40M|ALT_MODULO:0.35M|TP_ACAB_TAMPO:LAMINADO|TIPO_ACAB:PINTURA FOSCA|EMBAL_REFORCADA:SEM CX MADEIRA,,2129.0
144217,12288332,26018,155,TABELA CENTURY 2026.2,MESA NICEIA,MESA,0.40M,0.40M,0.35M,PINTURA METALIZADO,CAIXA MADEIRA,,,MODULACAO:MESA|FORMATO_MOD:QUADRADO|COMP_MODULO:0.40M|PROF_PRODUTO:0.40M|ALT_MODULO:0.35M|TP_ACAB_TAMPO:LAMINADO|TIPO_ACAB:PINTURA METALIZADO|EMBAL_REFORCADA:CAIXA MADEIRA,,2229.0
144218,12288333,26018,155,TABELA CENTURY 2026.2,MESA NICEIA,MESA,0.40M,0.40M,0.35M,PINTURA METALIZADO,SEM CX MADEIRA,,,MODULACAO:MESA|FORMATO_MOD:QUADRADO|COMP_MODULO:0.40M|PROF_PRODUTO:0.40M|ALT_MODULO:0.35M|TP_ACAB_TAMPO:LAMINADO|TIPO_ACAB:PINTURA METALIZADO|EMBAL_REFORCADA:SEM CX MADEIRA,,2129.0
144219,12288335,26018,155,TABELA CENTURY 2026.2,MESA NICEIA,MESA,0.40M,0.40M,0.35M,PINTURA MTX,CAIXA MADEIRA,,,MODULACAO:MESA|FORMATO_MOD:QUADRADO|COMP_MODULO:0.40M|PROF_PRODUTO:0.40M|ALT_MODULO:0.35M|TP_ACAB_TAMPO:LAMINADO|TIPO_ACAB:PINTURA MTX|EMBAL_REFORCADA:CAIXA MADEIRA,,1941.0
144220,12288336,26018,155,TABELA CENTURY 2026.2,MESA NICEIA,MESA,0.40M,0.40M,0.35M,PINTURA MTX,SEM CX MADEIRA,,,MODULACAO:MESA|FORMATO_MOD:QUADRADO|COMP_MODULO:0.40M|PROF_PRODUTO:0.40M|ALT_MODULO:0.35M|TP_ACAB_TAMPO:LAMINADO|TIPO_ACAB:PINTURA MTX|EMBAL_REFORCADA:SEM CX MADEIRA,,1840.0
144221,12288338,26018,155,TABELA CENTURY 2026.2,MESA NICEIA,MESA,0.40M,0.40M,0.35M,PINTURA FOSCA,CAIXA MADEIRA,,,MODULACAO:MESA|FORMATO_MOD:QUADRADO|COMP_MODULO:0.40M|PROF_PRODUTO:0.40M|ALT_MODULO:0.35M|TP_ACAB_TAMPO:LAQUEADA METALIZADO|TIPO_ACAB:PINTURA FOSCA|EMBAL_REFORCADA:CAIXA MADEIRA,,2229.0
144222,12288339,26018,155,TABELA CENTURY 2026.2,MESA NICEIA,MESA,0.40M,0.40M,0.35M,PINTURA FOSCA,SEM CX MADEIRA,,,MODULACAO:MESA|FORMATO_MOD:QUADRADO|COMP_MODULO:0.40M|PROF_PRODUTO:0.40M|ALT_MODULO:0.35M|TP_ACAB_TAMPO:LAQUEADA METALIZADO|TIPO_ACAB:PINTURA FOSCA|EMBAL_REFORCADA:SEM CX MADEIRA,,2129.0
144223,12288341,26018,155,TABELA CENTURY 2026.2,MESA NICEIA,MESA,0.40M,0.40M,0.35M,PINTURA METALIZADO,CAIXA MADEIRA,,,MODULACAO:MESA|FORMATO_MOD:QUADRADO|COMP_MODULO:0.40M|PROF_PRODUTO:0.40M|ALT_MODULO:0.35M|TP_ACAB_TAMPO:LAQUEADA METALIZADO|TIPO_ACAB:PINTURA METALIZADO|EMBAL_REFORCADA:CAIXA MADEIRA,,2229.0
144224,12288342,26018,155,TABELA CENTURY 2026.2,MESA NICEIA,MESA,0.40M,0.40M,0.35M,PINTURA METALIZADO,SEM CX MADEIRA,,,MODULACAO:MESA|FORMATO_MOD:QUADRADO|COMP_MODULO:0.40M|PROF_PRODUTO:0.40M|ALT_MODULO:0.35M|TP_ACAB_TAMPO:LAQUEADA METALIZADO|TIPO_ACAB:PINTURA METALIZADO|EMBAL_REFORCADA:SEM CX MADEIRA,,2129.0
144225,12288344,26018,155,TABELA CENTURY 2026.2,MESA NICEIA,MESA,0.40M,0.40M,0.35M,PINTURA MTX,CAIXA MADEIRA,,,MODULACAO:MESA|FORMATO_MOD:QUADRADO|COMP_MODULO:0.40M|PROF_PRODUTO:0.40M|ALT_MODULO:0.35M|TP_ACAB_TAMPO:LAQUEADA METALIZADO|TIPO_ACAB:PINTURA MTX|EMBAL_REFORCADA:CAIXA MADEIRA,,1941.0
144226,12288345,26018,155,TABELA CENTURY 2026.2,MESA NICEIA,MESA,0.40M,0.40M,0.35M,PINTURA MTX,SEM CX MADEIRA,,,MODULACAO:MESA|FORMATO_MOD:QUADRADO|COMP_MODULO:0.40M|PROF_PRODUTO:0.40M|ALT_MODULO:0.35M|TP_ACAB_TAMPO:LAQUEADA METALIZADO|TIPO_ACAB:PINTURA MTX|EMBAL_REFORCADA:SEM CX MADEIRA,,1840.0
144227,12288346,26018,155,TABELA CENTURY 2026.2,MESA NICEIA,MESA,0.40M,0.40M,0.35M,PINTURA FOSCA,CAIXA MADEIRA,,,MODULACAO:MESA|FORMATO_MOD:QUADRADO|COMP_MODULO:0.40M|PROF_PRODUTO:0.40M|ALT_MODULO:0.35M|TP_ACAB_TAMPO:LAQUEADA|TIPO_ACAB:PINTURA FOSCA|EMBAL_REFORCADA:CAIXA MADEIRA,,2229.0
144228,12288348,26018,155,TABELA CENTURY 2026.2,MESA NICEIA,MESA,0.40M,0.40M,0.35M,PINTURA FOSCA,SEM CX MADEIRA,,,MODULACAO:MESA|FORMATO_MOD:QUADRADO|COMP_MODULO:0.40M|PROF_PRODUTO:0.40M|ALT_MODULO:0.35M|TP_ACAB_TAMPO:LAQUEADA|TIPO_ACAB:PINTURA FOSCA|EMBAL_REFORCADA:SEM CX MADEIRA,,2129.0
144229,12288349,26018,155,TABELA CENTURY 2026.2,MESA NICEIA,MESA,0.40M,0.40M,0.35M,PINTURA METALIZADO,CAIXA MADEIRA,,,MODULACAO:MESA|FORMATO_MOD:QUADRADO|COMP_MODULO:0.40M|PROF_PRODUTO:0.40M|ALT_MODULO:0.35M|TP_ACAB_TAMPO:LAQUEADA|TIPO_ACAB:PINTURA METALIZADO|EMBAL_REFORCADA:CAIXA MADEIRA,,2229.0
144230,12288351,26018,155,TABELA CENTURY 2026.2,MESA NICEIA,MESA,0.40M,0.40M,0.35M,PINTURA METALIZADO,SEM CX MADEIRA,,,MODULACAO:MESA|FORMATO_MOD:QUADRADO|COMP_MODULO:0.40M|PROF_PRODUTO:0.40M|ALT_MODULO:0.35M|TP_ACAB_TAMPO:LAQUEADA|TIPO_ACAB:PINTURA METALIZADO|EMBAL_REFORCADA:SEM CX MADEIRA,,2129.0
144231,12288352,26018,155,TABELA CENTURY 2026.2,MESA NICEIA,MESA,0.40M,0.40M,0.35M,PINTURA MTX,CAIXA MADEIRA,,,MODULACAO:MESA|FORMATO_MOD:QUADRADO|COMP_MODULO:0.40M|PROF_PRODUTO:0.40M|ALT_MODULO:0.35M|TP_ACAB_TAMPO:LAQUEADA|TIPO_ACAB:PINTURA MTX|EMBAL_REFORCADA:CAIXA MADEIRA,,1941.0
144232,12288353,26018,155,TABELA CENTURY 2026.2,MESA NICEIA,MESA,0.40M,0.40M,0.35M,PINTURA MTX,SEM CX MADEIRA,,,MODULACAO:MESA|FORMATO_MOD:QUADRADO|COMP_MODULO:0.40M|PROF_PRODUTO:0.40M|ALT_MODULO:0.35M|TP_ACAB_TAMPO:LAQUEADA|TIPO_ACAB:PINTURA MTX|EMBAL_REFORCADA:SEM CX MADEIRA,,1840.0
144233,12288355,26018,155,TABELA CENTURY 2026.2,MESA NICEIA,MESA,0.40M,0.40M,0.35M,PINTURA FOSCA,CAIXA MADEIRA,,,MODULACAO:MESA|FORMATO_MOD:QUADRADO|COMP_MODULO:0.40M|PROF_PRODUTO:0.40M|ALT_MODULO:0.35M|TP_ACAB_TAMPO:MARMORE|TIPO_ACAB:PINTURA FOSCA|EMBAL_REFORCADA:CAIXA MADEIRA,,2488.0
144234,12288357,26018,155,TABELA CENTURY 2026.2,MESA NICEIA,MESA,0.40M,0.40M,0.35M,PINTURA FOSCA,SEM CX MADEIRA,,,MODULACAO:MESA|FORMATO_MOD:QUADRADO|COMP_MODULO:0.40M|PROF_PRODUTO:0.40M|ALT_MODULO:0.35M|TP_ACAB_TAMPO:MARMORE|TIPO_ACAB:PINTURA FOSCA|EMBAL_REFORCADA:SEM CX MADEIRA,,2388.0
144235,12288358,26018,155,TABELA CENTURY 2026.2,MESA NICEIA,MESA,0.40M,0.40M,0.35M,PINTURA METALIZADO,CAIXA MADEIRA,,,MODULACAO:MESA|FORMATO_MOD:QUADRADO|COMP_MODULO:0.40M|PROF_PRODUTO:0.40M|ALT_MODULO:0.35M|TP_ACAB_TAMPO:MARMORE|TIPO_ACAB:PINTURA METALIZADO|EMBAL_REFORCADA:CAIXA MADEIRA,,2488.0
144236,12288359,26018,155,TABELA CENTURY 2026.2,MESA NICEIA,MESA,0.40M,0.40M,0.35M,PINTURA METALIZADO,SEM CX MADEIRA,,,MODULACAO:MESA|FORMATO_MOD:QUADRADO|COMP_MODULO:0.40M|PROF_PRODUTO:0.40M|ALT_MODULO:0.35M|TP_ACAB_TAMPO:MARMORE|TIPO_ACAB:PINTURA METALIZADO|EMBAL_REFORCADA:SEM CX MADEIRA,,2388.0
144237,12288361,26018,155,TABELA CENTURY 2026.2,MESA NICEIA,MESA,0.40M,0.40M,0.35M,PINTURA MTX,CAIXA MADEIRA,,,MODULACAO:MESA|FORMATO_MOD:QUADRADO|COMP_MODULO:0.40M|PROF_PRODUTO:0.40M|ALT_MODULO:0.35M|TP_ACAB_TAMPO:MARMORE|TIPO_ACAB:PINTURA MTX|EMBAL_REFORCADA:CAIXA MADEIRA,,2096.0
144238,12288362,26018,155,TABELA CENTURY 2026.2,MESA NICEIA,MESA,0.40M,0.40M,0.35M,PINTURA MTX,SEM CX MADEIRA,,,MODULACAO:MESA|FORMATO_MOD:QUADRADO|COMP_MODULO:0.40M|PROF_PRODUTO:0.40M|ALT_MODULO:0.35M|TP_ACAB_TAMPO:MARMORE|TIPO_ACAB:PINTURA MTX|EMBAL_REFORCADA:SEM CX MADEIRA,,1995.0
144239,12288364,26018,155,TABELA CENTURY 2026.2,MESA NICEIA,MESA,0.40M,0.40M,0.40M,PINTURA FOSCA,CAIXA MADEIRA,,,MODULACAO:MESA|FORMATO_MOD:QUADRADO|COMP_MODULO:0.40M|PROF_PRODUTO:0.40M|ALT_MODULO:0.40M|TP_ACAB_TAMPO:LAMINADO ESPECIAL|TIPO_ACAB:PINTURA FOSCA|EMBAL_REFORCADA:CAIXA MADEIRA,,2229.0
144240,12288365,26018,155,TABELA CENTURY 2026.2,MESA NICEIA,MESA,0.40M,0.40M,0.40M,PINTURA FOSCA,SEM CX MADEIRA,,,MODULACAO:MESA|FORMATO_MOD:QUADRADO|COMP_MODULO:0.40M|PROF_PRODUTO:0.40M|ALT_MODULO:0.40M|TP_ACAB_TAMPO:LAMINADO ESPECIAL|TIPO_ACAB:PINTURA FOSCA|EMBAL_REFORCADA:SEM CX MADEIRA,,2129.0
144241,12288367,26018,155,TABELA CENTURY 2026.2,MESA NICEIA,MESA,0.40M,0.40M,0.40M,PINTURA METALIZADO,CAIXA MADEIRA,,,MODULACAO:MESA|FORMATO_MOD:QUADRADO|COMP_MODULO:0.40M|PROF_PRODUTO:0.40M|ALT_MODULO:0.40M|TP_ACAB_TAMPO:LAMINADO ESPECIAL|TIPO_ACAB:PINTURA METALIZADO|EMBAL_REFORCADA:CAIXA MADEIRA,,2229.0
144242,12288368,26018,155,TABELA CENTURY 2026.2,MESA NICEIA,MESA,0.40M,0.40M,0.40M,PINTURA METALIZADO,SEM CX MADEIRA,,,MODULACAO:MESA|FORMATO_MOD:QUADRADO|COMP_MODULO:0.40M|PROF_PRODUTO:0.40M|ALT_MODULO:0.40M|TP_ACAB_TAMPO:LAMINADO ESPECIAL|TIPO_ACAB:PINTURA METALIZADO|EMBAL_REFORCADA:SEM CX MADEIRA,,2129.0
144243,12288370,26018,155,TABELA CENTURY 2026.2,MESA NICEIA,MESA,0.40M,0.40M,0.40M,PINTURA MTX,CAIXA MADEIRA,,,MODULACAO:MESA|FORMATO_MOD:QUADRADO|COMP_MODULO:0.40M|PROF_PRODUTO:0.40M|ALT_MODULO:0.40M|TP_ACAB_TAMPO:LAMINADO ESPECIAL|TIPO_ACAB:PINTURA MTX|EMBAL_REFORCADA:CAIXA MADEIRA,,1941.0
144244,12288371,26018,155,TABELA CENTURY 2026.2,MESA NICEIA,MESA,0.40M,0.40M,0.40M,PINTURA MTX,SEM CX MADEIRA,,,MODULACAO:MESA|FORMATO_MOD:QUADRADO|COMP_MODULO:0.40M|PROF_PRODUTO:0.40M|ALT_MODULO:0.40M|TP_ACAB_TAMPO:LAMINADO ESPECIAL|TIPO_ACAB:PINTURA MTX|EMBAL_REFORCADA:SEM CX MADEIRA,,1840.0
144245,12288372,26018,155,TABELA CENTURY 2026.2,MESA NICEIA,MESA,0.40M,0.40M,0.40M,PINTURA FOSCA,CAIXA MADEIRA,,,MODULACAO:MESA|FORMATO_MOD:QUADRADO|COMP_MODULO:0.40M|PROF_PRODUTO:0.40M|ALT_MODULO:0.40M|TP_ACAB_TAMPO:LAMINADO|TIPO_ACAB:PINTURA FOSCA|EMBAL_REFORCADA:CAIXA MADEIRA,,2229.0
144246,12288374,26018,155,TABELA CENTURY 2026.2,MESA NICEIA,MESA,0.40M,0.40M,0.40M,PINTURA FOSCA,SEM CX MADEIRA,,,MODULACAO:MESA|FORMATO_MOD:QUADRADO|COMP_MODULO:0.40M|PROF_PRODUTO:0.40M|ALT_MODULO:0.40M|TP_ACAB_TAMPO:LAMINADO|TIPO_ACAB:PINTURA FOSCA|EMBAL_REFORCADA:SEM CX MADEIRA,,2129.0
144247,12288375,26018,155,TABELA CENTURY 2026.2,MESA NICEIA,MESA,0.40M,0.40M,0.40M,PINTURA METALIZADO,CAIXA MADEIRA,,,MODULACAO:MESA|FORMATO_MOD:QUADRADO|COMP_MODULO:0.40M|PROF_PRODUTO:0.40M|ALT_MODULO:0.40M|TP_ACAB_TAMPO:LAMINADO|TIPO_ACAB:PINTURA METALIZADO|EMBAL_REFORCADA:CAIXA MADEIRA,,2229.0
144248,12288377,26018,155,TABELA CENTURY 2026.2,MESA NICEIA,MESA,0.40M,0.40M,0.40M,PINTURA METALIZADO,SEM CX MADEIRA,,,MODULACAO:MESA|FORMATO_MOD:QUADRADO|COMP_MODULO:0.40M|PROF_PRODUTO:0.40M|ALT_MODULO:0.40M|TP_ACAB_TAMPO:LAMINADO|TIPO_ACAB:PINTURA METALIZADO|EMBAL_REFORCADA:SEM CX MADEIRA,,2129.0
144249,12288378,26018,155,TABELA CENTURY 2026.2,MESA NICEIA,MESA,0.40M,0.40M,0.40M,PINTURA MTX,CAIXA MADEIRA,,,MODULACAO:MESA|FORMATO_MOD:QUADRADO|COMP_MODULO:0.40M|PROF_PRODUTO:0.40M|ALT_MODULO:0.40M|TP_ACAB_TAMPO:LAMINADO|TIPO_ACAB:PINTURA MTX|EMBAL_REFORCADA:CAIXA MADEIRA,,1941.0
144250,12288380,26018,155,TABELA CENTURY 2026.2,MESA NICEIA,MESA,0.40M,0.40M,0.40M,PINTURA MTX,SEM CX MADEIRA,,,MODULACAO:MESA|FORMATO_MOD:QUADRADO|COMP_MODULO:0.40M|PROF_PRODUTO:0.40M|ALT_MODULO:0.40M|TP_ACAB_TAMPO:LAMINADO|TIPO_ACAB:PINTURA MTX|EMBAL_REFORCADA:SEM CX MADEIRA,,1840.0
144251,12288381,26018,155,TABELA CENTURY 2026.2,MESA NICEIA,MESA,0.40M,0.40M,0.40M,PINTURA FOSCA,CAIXA MADEIRA,,,MODULACAO:MESA|FORMATO_MOD:QUADRADO|COMP_MODULO:0.40M|PROF_PRODUTO:0.40M|ALT_MODULO:0.40M|TP_ACAB_TAMPO:LAQUEADA METALIZADO|TIPO_ACAB:PINTURA FOSCA|EMBAL_REFORCADA:CAIXA MADEIRA,,2229.0
144252,12288383,26018,155,TABELA CENTURY 2026.2,MESA NICEIA,MESA,0.40M,0.40M,0.40M,PINTURA FOSCA,SEM CX MADEIRA,,,MODULACAO:MESA|FORMATO_MOD:QUADRADO|COMP_MODULO:0.40M|PROF_PRODUTO:0.40M|ALT_MODULO:0.40M|TP_ACAB_TAMPO:LAQUEADA METALIZADO|TIPO_ACAB:PINTURA FOSCA|EMBAL_REFORCADA:SEM CX MADEIRA,,2129.0
144253,12288384,26018,155,TABELA CENTURY 2026.2,MESA NICEIA,MESA,0.40M,0.40M,0.40M,PINTURA METALIZADO,CAIXA MADEIRA,,,MODULACAO:MESA|FORMATO_MOD:QUADRADO|COMP_MODULO:0.40M|PROF_PRODUTO:0.40M|ALT_MODULO:0.40M|TP_ACAB_TAMPO:LAQUEADA METALIZADO|TIPO_ACAB:PINTURA METALIZADO|EMBAL_REFORCADA:CAIXA MADEIRA,,2229.0
144254,12288386,26018,155,TABELA CENTURY 2026.2,MESA NICEIA,MESA,0.40M,0.40M,0.40M,PINTURA METALIZADO,SEM CX MADEIRA,,,MODULACAO:MESA|FORMATO_MOD:QUADRADO|COMP_MODULO:0.40M|PROF_PRODUTO:0.40M|ALT_MODULO:0.40M|TP_ACAB_TAMPO:LAQUEADA METALIZADO|TIPO_ACAB:PINTURA METALIZADO|EMBAL_REFORCADA:SEM CX MADEIRA,,2129.0
144255,12288387,26018,155,TABELA CENTURY 2026.2,MESA NICEIA,MESA,0.40M,0.40M,0.40M,PINTURA MTX,CAIXA MADEIRA,,,MODULACAO:MESA|FORMATO_MOD:QUADRADO|COMP_MODULO:0.40M|PROF_PRODUTO:0.40M|ALT_MODULO:0.40M|TP_ACAB_TAMPO:LAQUEADA METALIZADO|TIPO_ACAB:PINTURA MTX|EMBAL_REFORCADA:CAIXA MADEIRA,,1941.0
144256,12288389,26018,155,TABELA CENTURY 2026.2,MESA NICEIA,MESA,0.40M,0.40M,0.40M,PINTURA MTX,SEM CX MADEIRA,,,MODULACAO:MESA|FORMATO_MOD:QUADRADO|COMP_MODULO:0.40M|PROF_PRODUTO:0.40M|ALT_MODULO:0.40M|TP_ACAB_TAMPO:LAQUEADA METALIZADO|TIPO_ACAB:PINTURA MTX|EMBAL_REFORCADA:SEM CX MADEIRA,,1840.0
144257,12288390,26018,155,TABELA CENTURY 2026.2,MESA NICEIA,MESA,0.40M,0.40M,0.40M,PINTURA FOSCA,CAIXA MADEIRA,,,MODULACAO:MESA|FORMATO_MOD:QUADRADO|COMP_MODULO:0.40M|PROF_PRODUTO:0.40M|ALT_MODULO:0.40M|TP_ACAB_TAMPO:LAQUEADA|TIPO_ACAB:PINTURA FOSCA|EMBAL_REFORCADA:CAIXA MADEIRA,,2229.0
144258,12288391,26018,155,TABELA CENTURY 2026.2,MESA NICEIA,MESA,0.40M,0.40M,0.40M,PINTURA FOSCA,SEM CX MADEIRA,,,MODULACAO:MESA|FORMATO_MOD:QUADRADO|COMP_MODULO:0.40M|PROF_PRODUTO:0.40M|ALT_MODULO:0.40M|TP_ACAB_TAMPO:LAQUEADA|TIPO_ACAB:PINTURA FOSCA|EMBAL_REFORCADA:SEM CX MADEIRA,,2129.0
144259,12288393,26018,155,TABELA CENTURY 2026.2,MESA NICEIA,MESA,0.40M,0.40M,0.40M,PINTURA METALIZADO,CAIXA MADEIRA,,,MODULACAO:MESA|FORMATO_MOD:QUADRADO|COMP_MODULO:0.40M|PROF_PRODUTO:0.40M|ALT_MODULO:0.40M|TP_ACAB_TAMPO:LAQUEADA|TIPO_ACAB:PINTURA METALIZADO|EMBAL_REFORCADA:CAIXA MADEIRA,,2229.0
144260,12288394,26018,155,TABELA CENTURY 2026.2,MESA NICEIA,MESA,0.40M,0.40M,0.40M,PINTURA METALIZADO,SEM CX MADEIRA,,,MODULACAO:MESA|FORMATO_MOD:QUADRADO|COMP_MODULO:0.40M|PROF_PRODUTO:0.40M|ALT_MODULO:0.40M|TP_ACAB_TAMPO:LAQUEADA|TIPO_ACAB:PINTURA METALIZADO|EMBAL_REFORCADA:SEM CX MADEIRA,,2129.0
144261,12288396,26018,155,TABELA CENTURY 2026.2,MESA NICEIA,MESA,0.40M,0.40M,0.40M,PINTURA MTX,CAIXA MADEIRA,,,MODULACAO:MESA|FORMATO_MOD:QUADRADO|COMP_MODULO:0.40M|PROF_PRODUTO:0.40M|ALT_MODULO:0.40M|TP_ACAB_TAMPO:LAQUEADA|TIPO_ACAB:PINTURA MTX|EMBAL_REFORCADA:CAIXA MADEIRA,,1941.0
144262,12288397,26018,155,TABELA CENTURY 2026.2,MESA NICEIA,MESA,0.40M,0.40M,0.40M,PINTURA MTX,SEM CX MADEIRA,,,MODULACAO:MESA|FORMATO_MOD:QUADRADO|COMP_MODULO:0.40M|PROF_PRODUTO:0.40M|ALT_MODULO:0.40M|TP_ACAB_TAMPO:LAQUEADA|TIPO_ACAB:PINTURA MTX|EMBAL_REFORCADA:SEM CX MADEIRA,,1840.0
144263,12288399,26018,155,TABELA CENTURY 2026.2,MESA NICEIA,MESA,0.40M,0.40M,0.40M,PINTURA FOSCA,CAIXA MADEIRA,,,MODULACAO:MESA|FORMATO_MOD:QUADRADO|COMP_MODULO:0.40M|PROF_PRODUTO:0.40M|ALT_MODULO:0.40M|TP_ACAB_TAMPO:MARMORE|TIPO_ACAB:PINTURA FOSCA|EMBAL_REFORCADA:CAIXA MADEIRA,,2488.0
144264,12288401,26018,155,TABELA CENTURY 2026.2,MESA NICEIA,MESA,0.40M,0.40M,0.40M,PINTURA FOSCA,SEM CX MADEIRA,,,MODULACAO:MESA|FORMATO_MOD:QUADRADO|COMP_MODULO:0.40M|PROF_PRODUTO:0.40M|ALT_MODULO:0.40M|TP_ACAB_TAMPO:MARMORE|TIPO_ACAB:PINTURA FOSCA|EMBAL_REFORCADA:SEM CX MADEIRA,,2388.0
144265,12288402,26018,155,TABELA CENTURY 2026.2,MESA NICEIA,MESA,0.40M,0.40M,0.40M,PINTURA METALIZADO,CAIXA MADEIRA,,,MODULACAO:MESA|FORMATO_MOD:QUADRADO|COMP_MODULO:0.40M|PROF_PRODUTO:0.40M|ALT_MODULO:0.40M|TP_ACAB_TAMPO:MARMORE|TIPO_ACAB:PINTURA METALIZADO|EMBAL_REFORCADA:CAIXA MADEIRA,,2488.0
144266,12288404,26018,155,TABELA CENTURY 2026.2,MESA NICEIA,MESA,0.40M,0.40M,0.40M,PINTURA METALIZADO,SEM CX MADEIRA,,,MODULACAO:MESA|FORMATO_MOD:QUADRADO|COMP_MODULO:0.40M|PROF_PRODUTO:0.40M|ALT_MODULO:0.40M|TP_ACAB_TAMPO:MARMORE|TIPO_ACAB:PINTURA METALIZADO|EMBAL_REFORCADA:SEM CX MADEIRA,,2388.0
144267,12288405,26018,155,TABELA CENTURY 2026.2,MESA NICEIA,MESA,0.40M,0.40M,0.40M,PINTURA MTX,CAIXA MADEIRA,,,MODULACAO:MESA|FORMATO_MOD:QUADRADO|COMP_MODULO:0.40M|PROF_PRODUTO:0.40M|ALT_MODULO:0.40M|TP_ACAB_TAMPO:MARMORE|TIPO_ACAB:PINTURA MTX|EMBAL_REFORCADA:CAIXA MADEIRA,,2096.0
144268,12288407,26018,155,TABELA CENTURY 2026.2,MESA NICEIA,MESA,0.40M,0.40M,0.40M,PINTURA MTX,SEM CX MADEIRA,,,MODULACAO:MESA|FORMATO_MOD:QUADRADO|COMP_MODULO:0.40M|PROF_PRODUTO:0.40M|ALT_MODULO:0.40M|TP_ACAB_TAMPO:MARMORE|TIPO_ACAB:PINTURA MTX|EMBAL_REFORCADA:SEM CX MADEIRA,,1995.0
144269,12288408,26018,155,TABELA CENTURY 2026.2,MESA NICEIA,MESA,0.40M,0.40M,0.50M,PINTURA FOSCA,CAIXA MADEIRA,,,MODULACAO:MESA|FORMATO_MOD:QUADRADO|COMP_MODULO:0.40M|PROF_PRODUTO:0.40M|ALT_MODULO:0.50M|TP_ACAB_TAMPO:LAMINADO ESPECIAL|TIPO_ACAB:PINTURA FOSCA|EMBAL_REFORCADA:CAIXA MADEIRA,,2229.0
144270,12288409,26018,155,TABELA CENTURY 2026.2,MESA NICEIA,MESA,0.40M,0.40M,0.50M,PINTURA FOSCA,SEM CX MADEIRA,,,MODULACAO:MESA|FORMATO_MOD:QUADRADO|COMP_MODULO:0.40M|PROF_PRODUTO:0.40M|ALT_MODULO:0.50M|TP_ACAB_TAMPO:LAMINADO ESPECIAL|TIPO_ACAB:PINTURA FOSCA|EMBAL_REFORCADA:SEM CX MADEIRA,,2129.0
144271,12288411,26018,155,TABELA CENTURY 2026.2,MESA NICEIA,MESA,0.40M,0.40M,0.50M,PINTURA METALIZADO,CAIXA MADEIRA,,,MODULACAO:MESA|FORMATO_MOD:QUADRADO|COMP_MODULO:0.40M|PROF_PRODUTO:0.40M|ALT_MODULO:0.50M|TP_ACAB_TAMPO:LAMINADO ESPECIAL|TIPO_ACAB:PINTURA METALIZADO|EMBAL_REFORCADA:CAIXA MADEIRA,,2229.0
144272,12288412,26018,155,TABELA CENTURY 2026.2,MESA NICEIA,MESA,0.40M,0.40M,0.50M,PINTURA METALIZADO,SEM CX MADEIRA,,,MODULACAO:MESA|FORMATO_MOD:QUADRADO|COMP_MODULO:0.40M|PROF_PRODUTO:0.40M|ALT_MODULO:0.50M|TP_ACAB_TAMPO:LAMINADO ESPECIAL|TIPO_ACAB:PINTURA METALIZADO|EMBAL_REFORCADA:SEM CX MADEIRA,,2129.0
144273,12288414,26018,155,TABELA CENTURY 2026.2,MESA NICEIA,MESA,0.40M,0.40M,0.50M,PINTURA MTX,CAIXA MADEIRA,,,MODULACAO:MESA|FORMATO_MOD:QUADRADO|COMP_MODULO:0.40M|PROF_PRODUTO:0.40M|ALT_MODULO:0.50M|TP_ACAB_TAMPO:LAMINADO ESPECIAL|TIPO_ACAB:PINTURA MTX|EMBAL_REFORCADA:CAIXA MADEIRA,,1941.0
144274,12288321,26018,155,TABELA CENTURY 2026.2,MESA NICEIA,MESA,0.40M,0.40M,0.35M,PINTURA FOSCA,SEM CX MADEIRA,,,MODULACAO:MESA|FORMATO_MOD:QUADRADO|COMP_MODULO:0.40M|PROF_PRODUTO:0.40M|ALT_MODULO:0.35M|TP_ACAB_TAMPO:LAMINADO ESPECIAL|TIPO_ACAB:PINTURA FOSCA|EMBAL_REFORCADA:SEM CX MADEIRA,,2129.0
144275,12288323,26018,155,TABELA CENTURY 2026.2,MESA NICEIA,MESA,0.40M,0.40M,0.35M,PINTURA METALIZADO,CAIXA MADEIRA,,,MODULACAO:MESA|FORMATO_MOD:QUADRADO|COMP_MODULO:0.40M|PROF_PRODUTO:0.40M|ALT_MODULO:0.35M|TP_ACAB_TAMPO:LAMINADO ESPECIAL|TIPO_ACAB:PINTURA METALIZADO|EMBAL_REFORCADA:CAIXA MADEIRA,,2229.0
144276,12288326,26018,155,TABELA CENTURY 2026.2,MESA NICEIA,MESA,0.40M,0.40M,0.35M,PINTURA MTX,CAIXA MADEIRA,,,MODULACAO:MESA|FORMATO_MOD:QUADRADO|COMP_MODULO:0.40M|PROF_PRODUTO:0.40M|ALT_MODULO:0.35M|TP_ACAB_TAMPO:LAMINADO ESPECIAL|TIPO_ACAB:PINTURA MTX|EMBAL_REFORCADA:CAIXA MADEIRA,,1941.0
144277,12288325,26018,155,TABELA CENTURY 2026.2,MESA NICEIA,MESA,0.40M,0.40M,0.35M,PINTURA METALIZADO,SEM CX MADEIRA,,,MODULACAO:MESA|FORMATO_MOD:QUADRADO|COMP_MODULO:0.40M|PROF_PRODUTO:0.40M|ALT_MODULO:0.35M|TP_ACAB_TAMPO:LAMINADO ESPECIAL|TIPO_ACAB:PINTURA METALIZADO|EMBAL_REFORCADA:SEM CX MADEIRA,,2129.0
144278,12288329,26018,155,TABELA CENTURY 2026.2,MESA NICEIA,MESA,0.40M,0.40M,0.35M,PINTURA FOSCA,CAIXA MADEIRA,,,MODULACAO:MESA|FORMATO_MOD:QUADRADO|COMP_MODULO:0.40M|PROF_PRODUTO:0.40M|ALT_MODULO:0.35M|TP_ACAB_TAMPO:LAMINADO|TIPO_ACAB:PINTURA FOSCA|EMBAL_REFORCADA:CAIXA MADEIRA,,2229.0
144279,12288328,26018,155,TABELA CENTURY 2026.2,MESA NICEIA,MESA,0.40M,0.40M,0.35M,PINTURA MTX,SEM CX MADEIRA,,,MODULACAO:MESA|FORMATO_MOD:QUADRADO|COMP_MODULO:0.40M|PROF_PRODUTO:0.40M|ALT_MODULO:0.35M|TP_ACAB_TAMPO:LAMINADO ESPECIAL|TIPO_ACAB:PINTURA MTX|EMBAL_REFORCADA:SEM CX MADEIRA,,1840.0
144280,12288320,26018,155,TABELA CENTURY 2026.2,MESA NICEIA,MESA,0.40M,0.40M,0.35M,PINTURA FOSCA,CAIXA MADEIRA,,,MODULACAO:MESA|FORMATO_MOD:QUADRADO|COMP_MODULO:0.40M|PROF_PRODUTO:0.40M|ALT_MODULO:0.35M|TP_ACAB_TAMPO:LAMINADO ESPECIAL|TIPO_ACAB:PINTURA FOSCA|EMBAL_REFORCADA:CAIXA MADEIRA,,2229.0
144281,12288451,26018,155,TABELA CENTURY 2026.2,MESA NICEIA,MESA,0.40M,0.40M,0.50M,PINTURA MTX,SEM CX MADEIRA,,,MODULACAO:MESA|FORMATO_MOD:QUADRADO|COMP_MODULO:0.40M|PROF_PRODUTO:0.40M|ALT_MODULO:0.50M|TP_ACAB_TAMPO:MARMORE|TIPO_ACAB:PINTURA MTX|EMBAL_REFORCADA:SEM CX MADEIRA,,1995.0
144282,12288450,26018,155,TABELA CENTURY 2026.2,MESA NICEIA,MESA,0.40M,0.40M,0.50M,PINTURA MTX,CAIXA MADEIRA,,,MODULACAO:MESA|FORMATO_MOD:QUADRADO|COMP_MODULO:0.40M|PROF_PRODUTO:0.40M|ALT_MODULO:0.50M|TP_ACAB_TAMPO:MARMORE|TIPO_ACAB:PINTURA MTX|EMBAL_REFORCADA:CAIXA MADEIRA,,2096.0
144283,12288448,26018,155,TABELA CENTURY 2026.2,MESA NICEIA,MESA,0.40M,0.40M,0.50M,PINTURA METALIZADO,SEM CX MADEIRA,,,MODULACAO:MESA|FORMATO_MOD:QUADRADO|COMP_MODULO:0.40M|PROF_PRODUTO:0.40M|ALT_MODULO:0.50M|TP_ACAB_TAMPO:MARMORE|TIPO_ACAB:PINTURA METALIZADO|EMBAL_REFORCADA:SEM CX MADEIRA,,2388.0
144284,12288447,26018,155,TABELA CENTURY 2026.2,MESA NICEIA,MESA,0.40M,0.40M,0.50M,PINTURA METALIZADO,CAIXA MADEIRA,,,MODULACAO:MESA|FORMATO_MOD:QUADRADO|COMP_MODULO:0.40M|PROF_PRODUTO:0.40M|ALT_MODULO:0.50M|TP_ACAB_TAMPO:MARMORE|TIPO_ACAB:PINTURA METALIZADO|EMBAL_REFORCADA:CAIXA MADEIRA,,2488.0
144285,12288574,26018,155,TABELA CENTURY 2026.2,MESA NICEIA,MESA,0.50M,0.50M,0.50M,PINTURA FOSCA,SEM CX MADEIRA,,,MODULACAO:MESA|FORMATO_MOD:QUADRADO|COMP_MODULO:0.50M|PROF_PRODUTO:0.50M|ALT_MODULO:0.50M|TP_ACAB_TAMPO:LAQUEADA|TIPO_ACAB:PINTURA FOSCA|EMBAL_REFORCADA:SEM CX MADEIRA,,2502.0
144286,12288570,26018,155,TABELA CENTURY 2026.2,MESA NICEIA,MESA,0.50M,0.50M,0.50M,PINTURA MTX,SEM CX MADEIRA,,,MODULACAO:MESA|FORMATO_MOD:QUADRADO|COMP_MODULO:0.50M|PROF_PRODUTO:0.50M|ALT_MODULO:0.50M|TP_ACAB_TAMPO:LAQUEADA METALIZADO|TIPO_ACAB:PINTURA MTX|EMBAL_REFORCADA:SEM CX MADEIRA,,2242.0
144287,12288569,26018,155,TABELA CENTURY 2026.2,MESA NICEIA,MESA,0.50M,0.50M,0.50M,PINTURA MTX,CAIXA MADEIRA,,,MODULACAO:MESA|FORMATO_MOD:QUADRADO|COMP_MODULO:0.50M|PROF_PRODUTO:0.50M|ALT_MODULO:0.50M|TP_ACAB_TAMPO:LAQUEADA METALIZADO|TIPO_ACAB:PINTURA MTX|EMBAL_REFORCADA:CAIXA MADEIRA,,2342.0
144288,12288567,26018,155,TABELA CENTURY 2026.2,MESA NICEIA,MESA,0.50M,0.50M,0.50M,PINTURA METALIZADO,SEM CX MADEIRA,,,MODULACAO:MESA|FORMATO_MOD:QUADRADO|COMP_MODULO:0.50M|PROF_PRODUTO:0.50M|ALT_MODULO:0.50M|TP_ACAB_TAMPO:LAQUEADA METALIZADO|TIPO_ACAB:PINTURA METALIZADO|EMBAL_REFORCADA:SEM CX MADEIRA,,2502.0
144289,12288566,26018,155,TABELA CENTURY 2026.2,MESA NICEIA,MESA,0.50M,0.50M,0.50M,PINTURA METALIZADO,CAIXA MADEIRA,,,MODULACAO:MESA|FORMATO_MOD:QUADRADO|COMP_MODULO:0.50M|PROF_PRODUTO:0.50M|ALT_MODULO:0.50M|TP_ACAB_TAMPO:LAQUEADA METALIZADO|TIPO_ACAB:PINTURA METALIZADO|EMBAL_REFORCADA:CAIXA MADEIRA,,2602.0
144290,12288564,26018,155,TABELA CENTURY 2026.2,MESA NICEIA,MESA,0.50M,0.50M,0.50M,PINTURA FOSCA,SEM CX MADEIRA,,,MODULACAO:MESA|FORMATO_MOD:QUADRADO|COMP_MODULO:0.50M|PROF_PRODUTO:0.50M|ALT_MODULO:0.50M|TP_ACAB_TAMPO:LAQUEADA METALIZADO|TIPO_ACAB:PINTURA FOSCA|EMBAL_REFORCADA:SEM CX MADEIRA,,2502.0
144291,12288563,26018,155,TABELA CENTURY 2026.2,MESA NICEIA,MESA,0.50M,0.50M,0.50M,PINTURA FOSCA,CAIXA MADEIRA,,,MODULACAO:MESA|FORMATO_MOD:QUADRADO|COMP_MODULO:0.50M|PROF_PRODUTO:0.50M|ALT_MODULO:0.50M|TP_ACAB_TAMPO:LAQUEADA METALIZADO|TIPO_ACAB:PINTURA FOSCA|EMBAL_REFORCADA:CAIXA MADEIRA,,2602.0
144292,12288561,26018,155,TABELA CENTURY 2026.2,MESA NICEIA,MESA,0.50M,0.50M,0.50M,PINTURA MTX,SEM CX MADEIRA,,,MODULACAO:MESA|FORMATO_MOD:QUADRADO|COMP_MODULO:0.50M|PROF_PRODUTO:0.50M|ALT_MODULO:0.50M|TP_ACAB_TAMPO:LAMINADO|TIPO_ACAB:PINTURA MTX|EMBAL_REFORCADA:SEM CX MADEIRA,,2242.0
144293,12288560,26018,155,TABELA CENTURY 2026.2,MESA NICEIA,MESA,0.50M,0.50M,0.50M,PINTURA MTX,CAIXA MADEIRA,,,MODULACAO:MESA|FORMATO_MOD:QUADRADO|COMP_MODULO:0.50M|PROF_PRODUTO:0.50M|ALT_MODULO:0.50M|TP_ACAB_TAMPO:LAMINADO|TIPO_ACAB:PINTURA MTX|EMBAL_REFORCADA:CAIXA MADEIRA,,2342.0
144294,12288558,26018,155,TABELA CENTURY 2026.2,MESA NICEIA,MESA,0.50M,0.50M,0.50M,PINTURA METALIZADO,SEM CX MADEIRA,,,MODULACAO:MESA|FORMATO_MOD:QUADRADO|COMP_MODULO:0.50M|PROF_PRODUTO:0.50M|ALT_MODULO:0.50M|TP_ACAB_TAMPO:LAMINADO|TIPO_ACAB:PINTURA METALIZADO|EMBAL_REFORCADA:SEM CX MADEIRA,,2502.0
144295,12288557,26018,155,TABELA CENTURY 2026.2,MESA NICEIA,MESA,0.50M,0.50M,0.50M,PINTURA METALIZADO,CAIXA MADEIRA,,,MODULACAO:MESA|FORMATO_MOD:QUADRADO|COMP_MODULO:0.50M|PROF_PRODUTO:0.50M|ALT_MODULO:0.50M|TP_ACAB_TAMPO:LAMINADO|TIPO_ACAB:PINTURA METALIZADO|EMBAL_REFORCADA:CAIXA MADEIRA,,2602.0
144296,12288555,26018,155,TABELA CENTURY 2026.2,MESA NICEIA,MESA,0.50M,0.50M,0.50M,PINTURA FOSCA,SEM CX MADEIRA,,,MODULACAO:MESA|FORMATO_MOD:QUADRADO|COMP_MODULO:0.50M|PROF_PRODUTO:0.50M|ALT_MODULO:0.50M|TP_ACAB_TAMPO:LAMINADO|TIPO_ACAB:PINTURA FOSCA|EMBAL_REFORCADA:SEM CX MADEIRA,,2502.0
144297,12288553,26018,155,TABELA CENTURY 2026.2,MESA NICEIA,MESA,0.50M,0.50M,0.50M,PINTURA FOSCA,CAIXA MADEIRA,,,MODULACAO:MESA|FORMATO_MOD:QUADRADO|COMP_MODULO:0.50M|PROF_PRODUTO:0.50M|ALT_MODULO:0.50M|TP_ACAB_TAMPO:LAMINADO|TIPO_ACAB:PINTURA FOSCA|EMBAL_REFORCADA:CAIXA MADEIRA,,2602.0
144298,12288552,26018,155,TABELA CENTURY 2026.2,MESA NICEIA,MESA,0.50M,0.50M,0.50M,PINTURA MTX,SEM CX MADEIRA,,,MODULACAO:MESA|FORMATO_MOD:QUADRADO|COMP_MODULO:0.50M|PROF_PRODUTO:0.50M|ALT_MODULO:0.50M|TP_ACAB_TAMPO:LAMINADO ESPECIAL|TIPO_ACAB:PINTURA MTX|EMBAL_REFORCADA:SEM CX MADEIRA,,2242.0
144299,12288550,26018,155,TABELA CENTURY 2026.2,MESA NICEIA,MESA,0.50M,0.50M,0.50M,PINTURA MTX,CAIXA MADEIRA,,,MODULACAO:MESA|FORMATO_MOD:QUADRADO|COMP_MODULO:0.50M|PROF_PRODUTO:0.50M|ALT_MODULO:0.50M|TP_ACAB_TAMPO:LAMINADO ESPECIAL|TIPO_ACAB:PINTURA MTX|EMBAL_REFORCADA:CAIXA MADEIRA,,2342.0
144300,12288549,26018,155,TABELA CENTURY 2026.2,MESA NICEIA,MESA,0.50M,0.50M,0.50M,PINTURA METALIZADO,SEM CX MADEIRA,,,MODULACAO:MESA|FORMATO_MOD:QUADRADO|COMP_MODULO:0.50M|PROF_PRODUTO:0.50M|ALT_MODULO:0.50M|TP_ACAB_TAMPO:LAMINADO ESPECIAL|TIPO_ACAB:PINTURA METALIZADO|EMBAL_REFORCADA:SEM CX MADEIRA,,2502.0
144301,12288547,26018,155,TABELA CENTURY 2026.2,MESA NICEIA,MESA,0.50M,0.50M,0.50M,PINTURA METALIZADO,CAIXA MADEIRA,,,MODULACAO:MESA|FORMATO_MOD:QUADRADO|COMP_MODULO:0.50M|PROF_PRODUTO:0.50M|ALT_MODULO:0.50M|TP_ACAB_TAMPO:LAMINADO ESPECIAL|TIPO_ACAB:PINTURA METALIZADO|EMBAL_REFORCADA:CAIXA MADEIRA,,2602.0
144302,12288546,26018,155,TABELA CENTURY 2026.2,MESA NICEIA,MESA,0.50M,0.50M,0.50M,PINTURA FOSCA,SEM CX MADEIRA,,,MODULACAO:MESA|FORMATO_MOD:QUADRADO|COMP_MODULO:0.50M|PROF_PRODUTO:0.50M|ALT_MODULO:0.50M|TP_ACAB_TAMPO:LAMINADO ESPECIAL|TIPO_ACAB:PINTURA FOSCA|EMBAL_REFORCADA:SEM CX MADEIRA,,2502.0
144303,12288544,26018,155,TABELA CENTURY 2026.2,MESA NICEIA,MESA,0.50M,0.50M,0.50M,PINTURA FOSCA,CAIXA MADEIRA,,,MODULACAO:MESA|FORMATO_MOD:QUADRADO|COMP_MODULO:0.50M|PROF_PRODUTO:0.50M|ALT_MODULO:0.50M|TP_ACAB_TAMPO:LAMINADO ESPECIAL|TIPO_ACAB:PINTURA FOSCA|EMBAL_REFORCADA:CAIXA MADEIRA,,2602.0
144304,12288543,26018,155,TABELA CENTURY 2026.2,MESA NICEIA,MESA,0.50M,0.50M,0.40M,PINTURA MTX,SEM CX MADEIRA,,,MODULACAO:MESA|FORMATO_MOD:QUADRADO|COMP_MODULO:0.50M|PROF_PRODUTO:0.50M|ALT_MODULO:0.40M|TP_ACAB_TAMPO:MARMORE|TIPO_ACAB:PINTURA MTX|EMBAL_REFORCADA:SEM CX MADEIRA,,2504.0
144305,12288541,26018,155,TABELA CENTURY 2026.2,MESA NICEIA,MESA,0.50M,0.50M,0.40M,PINTURA MTX,CAIXA MADEIRA,,,MODULACAO:MESA|FORMATO_MOD:QUADRADO|COMP_MODULO:0.50M|PROF_PRODUTO:0.50M|ALT_MODULO:0.40M|TP_ACAB_TAMPO:MARMORE|TIPO_ACAB:PINTURA MTX|EMBAL_REFORCADA:CAIXA MADEIRA,,2604.0
144306,12288539,26018,155,TABELA CENTURY 2026.2,MESA NICEIA,MESA,0.50M,0.50M,0.40M,PINTURA METALIZADO,SEM CX MADEIRA,,,MODULACAO:MESA|FORMATO_MOD:QUADRADO|COMP_MODULO:0.50M|PROF_PRODUTO:0.50M|ALT_MODULO:0.40M|TP_ACAB_TAMPO:MARMORE|TIPO_ACAB:PINTURA METALIZADO|EMBAL_REFORCADA:SEM CX MADEIRA,,2888.0
144307,12288538,26018,155,TABELA CENTURY 2026.2,MESA NICEIA,MESA,0.50M,0.50M,0.40M,PINTURA METALIZADO,CAIXA MADEIRA,,,MODULACAO:MESA|FORMATO_MOD:QUADRADO|COMP_MODULO:0.50M|PROF_PRODUTO:0.50M|ALT_MODULO:0.40M|TP_ACAB_TAMPO:MARMORE|TIPO_ACAB:PINTURA METALIZADO|EMBAL_REFORCADA:CAIXA MADEIRA,,2988.0
144308,12288536,26018,155,TABELA CENTURY 2026.2,MESA NICEIA,MESA,0.50M,0.50M,0.40M,PINTURA FOSCA,SEM CX MADEIRA,,,MODULACAO:MESA|FORMATO_MOD:QUADRADO|COMP_MODULO:0.50M|PROF_PRODUTO:0.50M|ALT_MODULO:0.40M|TP_ACAB_TAMPO:MARMORE|TIPO_ACAB:PINTURA FOSCA|EMBAL_REFORCADA:SEM CX MADEIRA,,2888.0
144309,12288535,26018,155,TABELA CENTURY 2026.2,MESA NICEIA,MESA,0.50M,0.50M,0.40M,PINTURA FOSCA,CAIXA MADEIRA,,,MODULACAO:MESA|FORMATO_MOD:QUADRADO|COMP_MODULO:0.50M|PROF_PRODUTO:0.50M|ALT_MODULO:0.40M|TP_ACAB_TAMPO:MARMORE|TIPO_ACAB:PINTURA FOSCA|EMBAL_REFORCADA:CAIXA MADEIRA,,2988.0
144310,12288533,26018,155,TABELA CENTURY 2026.2,MESA NICEIA,MESA,0.50M,0.50M,0.40M,PINTURA MTX,SEM CX MADEIRA,,,MODULACAO:MESA|FORMATO_MOD:QUADRADO|COMP_MODULO:0.50M|PROF_PRODUTO:0.50M|ALT_MODULO:0.40M|TP_ACAB_TAMPO:LAQUEADA|TIPO_ACAB:PINTURA MTX|EMBAL_REFORCADA:SEM CX MADEIRA,,2242.0
144311,12288532,26018,155,TABELA CENTURY 2026.2,MESA NICEIA,MESA,0.50M,0.50M,0.40M,PINTURA MTX,CAIXA MADEIRA,,,MODULACAO:MESA|FORMATO_MOD:QUADRADO|COMP_MODULO:0.50M|PROF_PRODUTO:0.50M|ALT_MODULO:0.40M|TP_ACAB_TAMPO:LAQUEADA|TIPO_ACAB:PINTURA MTX|EMBAL_REFORCADA:CAIXA MADEIRA,,2342.0
144312,12288530,26018,155,TABELA CENTURY 2026.2,MESA NICEIA,MESA,0.50M,0.50M,0.40M,PINTURA METALIZADO,SEM CX MADEIRA,,,MODULACAO:MESA|FORMATO_MOD:QUADRADO|COMP_MODULO:0.50M|PROF_PRODUTO:0.50M|ALT_MODULO:0.40M|TP_ACAB_TAMPO:LAQUEADA|TIPO_ACAB:PINTURA METALIZADO|EMBAL_REFORCADA:SEM CX MADEIRA,,2502.0
144313,12288529,26018,155,TABELA CENTURY 2026.2,MESA NICEIA,MESA,0.50M,0.50M,0.40M,PINTURA METALIZADO,CAIXA MADEIRA,,,MODULACAO:MESA|FORMATO_MOD:QUADRADO|COMP_MODULO:0.50M|PROF_PRODUTO:0.50M|ALT_MODULO:0.40M|TP_ACAB_TAMPO:LAQUEADA|TIPO_ACAB:PINTURA METALIZADO|EMBAL_REFORCADA:CAIXA MADEIRA,,2602.0
144314,12288527,26018,155,TABELA CENTURY 2026.2,MESA NICEIA,MESA,0.50M,0.50M,0.40M,PINTURA FOSCA,SEM CX MADEIRA,,,MODULACAO:MESA|FORMATO_MOD:QUADRADO|COMP_MODULO:0.50M|PROF_PRODUTO:0.50M|ALT_MODULO:0.40M|TP_ACAB_TAMPO:LAQUEADA|TIPO_ACAB:PINTURA FOSCA|EMBAL_REFORCADA:SEM CX MADEIRA,,2502.0
144315,12288525,26018,155,TABELA CENTURY 2026.2,MESA NICEIA,MESA,0.50M,0.50M,0.40M,PINTURA FOSCA,CAIXA MADEIRA,,,MODULACAO:MESA|FORMATO_MOD:QUADRADO|COMP_MODULO:0.50M|PROF_PRODUTO:0.50M|ALT_MODULO:0.40M|TP_ACAB_TAMPO:LAQUEADA|TIPO_ACAB:PINTURA FOSCA|EMBAL_REFORCADA:CAIXA MADEIRA,,2602.0
144316,12288524,26018,155,TABELA CENTURY 2026.2,MESA NICEIA,MESA,0.50M,0.50M,0.40M,PINTURA MTX,SEM CX MADEIRA,,,MODULACAO:MESA|FORMATO_MOD:QUADRADO|COMP_MODULO:0.50M|PROF_PRODUTO:0.50M|ALT_MODULO:0.40M|TP_ACAB_TAMPO:LAQUEADA METALIZADO|TIPO_ACAB:PINTURA MTX|EMBAL_REFORCADA:SEM CX MADEIRA,,2242.0
144317,12288523,26018,155,TABELA CENTURY 2026.2,MESA NICEIA,MESA,0.50M,0.50M,0.40M,PINTURA MTX,CAIXA MADEIRA,,,MODULACAO:MESA|FORMATO_MOD:QUADRADO|COMP_MODULO:0.50M|PROF_PRODUTO:0.50M|ALT_MODULO:0.40M|TP_ACAB_TAMPO:LAQUEADA METALIZADO|TIPO_ACAB:PINTURA MTX|EMBAL_REFORCADA:CAIXA MADEIRA,,2342.0
144318,12288521,26018,155,TABELA CENTURY 2026.2,MESA NICEIA,MESA,0.50M,0.50M,0.40M,PINTURA METALIZADO,SEM CX MADEIRA,,,MODULACAO:MESA|FORMATO_MOD:QUADRADO|COMP_MODULO:0.50M|PROF_PRODUTO:0.50M|ALT_MODULO:0.40M|TP_ACAB_TAMPO:LAQUEADA METALIZADO|TIPO_ACAB:PINTURA METALIZADO|EMBAL_REFORCADA:SEM CX MADEIRA,,2502.0
144319,12288519,26018,155,TABELA CENTURY 2026.2,MESA NICEIA,MESA,0.50M,0.50M,0.40M,PINTURA METALIZADO,CAIXA MADEIRA,,,MODULACAO:MESA|FORMATO_MOD:QUADRADO|COMP_MODULO:0.50M|PROF_PRODUTO:0.50M|ALT_MODULO:0.40M|TP_ACAB_TAMPO:LAQUEADA METALIZADO|TIPO_ACAB:PINTURA METALIZADO|EMBAL_REFORCADA:CAIXA MADEIRA,,2602.0
144320,12288518,26018,155,TABELA CENTURY 2026.2,MESA NICEIA,MESA,0.50M,0.50M,0.40M,PINTURA FOSCA,SEM CX MADEIRA,,,MODULACAO:MESA|FORMATO_MOD:QUADRADO|COMP_MODULO:0.50M|PROF_PRODUTO:0.50M|ALT_MODULO:0.40M|TP_ACAB_TAMPO:LAQUEADA METALIZADO|TIPO_ACAB:PINTURA FOSCA|EMBAL_REFORCADA:SEM CX MADEIRA,,2502.0
144321,12288517,26018,155,TABELA CENTURY 2026.2,MESA NICEIA,MESA,0.50M,0.50M,0.40M,PINTURA FOSCA,CAIXA MADEIRA,,,MODULACAO:MESA|FORMATO_MOD:QUADRADO|COMP_MODULO:0.50M|PROF_PRODUTO:0.50M|ALT_MODULO:0.40M|TP_ACAB_TAMPO:LAQUEADA METALIZADO|TIPO_ACAB:PINTURA FOSCA|EMBAL_REFORCADA:CAIXA MADEIRA,,2602.0
144322,12288515,26018,155,TABELA CENTURY 2026.2,MESA NICEIA,MESA,0.50M,0.50M,0.40M,PINTURA MTX,SEM CX MADEIRA,,,MODULACAO:MESA|FORMATO_MOD:QUADRADO|COMP_MODULO:0.50M|PROF_PRODUTO:0.50M|ALT_MODULO:0.40M|TP_ACAB_TAMPO:LAMINADO|TIPO_ACAB:PINTURA MTX|EMBAL_REFORCADA:SEM CX MADEIRA,,2242.0
144323,12288514,26018,155,TABELA CENTURY 2026.2,MESA NICEIA,MESA,0.50M,0.50M,0.40M,PINTURA MTX,CAIXA MADEIRA,,,MODULACAO:MESA|FORMATO_MOD:QUADRADO|COMP_MODULO:0.50M|PROF_PRODUTO:0.50M|ALT_MODULO:0.40M|TP_ACAB_TAMPO:LAMINADO|TIPO_ACAB:PINTURA MTX|EMBAL_REFORCADA:CAIXA MADEIRA,,2342.0
144324,12288512,26018,155,TABELA CENTURY 2026.2,MESA NICEIA,MESA,0.50M,0.50M,0.40M,PINTURA METALIZADO,SEM CX MADEIRA,,,MODULACAO:MESA|FORMATO_MOD:QUADRADO|COMP_MODULO:0.50M|PROF_PRODUTO:0.50M|ALT_MODULO:0.40M|TP_ACAB_TAMPO:LAMINADO|TIPO_ACAB:PINTURA METALIZADO|EMBAL_REFORCADA:SEM CX MADEIRA,,2502.0
144325,12288510,26018,155,TABELA CENTURY 2026.2,MESA NICEIA,MESA,0.50M,0.50M,0.40M,PINTURA METALIZADO,CAIXA MADEIRA,,,MODULACAO:MESA|FORMATO_MOD:QUADRADO|COMP_MODULO:0.50M|PROF_PRODUTO:0.50M|ALT_MODULO:0.40M|TP_ACAB_TAMPO:LAMINADO|TIPO_ACAB:PINTURA METALIZADO|EMBAL_REFORCADA:CAIXA MADEIRA,,2602.0
144326,12288509,26018,155,TABELA CENTURY 2026.2,MESA NICEIA,MESA,0.50M,0.50M,0.40M,PINTURA FOSCA,SEM CX MADEIRA,,,MODULACAO:MESA|FORMATO_MOD:QUADRADO|COMP_MODULO:0.50M|PROF_PRODUTO:0.50M|ALT_MODULO:0.40M|TP_ACAB_TAMPO:LAMINADO|TIPO_ACAB:PINTURA FOSCA|EMBAL_REFORCADA:SEM CX MADEIRA,,2502.0
144327,12288507,26018,155,TABELA CENTURY 2026.2,MESA NICEIA,MESA,0.50M,0.50M,0.40M,PINTURA FOSCA,CAIXA MADEIRA,,,MODULACAO:MESA|FORMATO_MOD:QUADRADO|COMP_MODULO:0.50M|PROF_PRODUTO:0.50M|ALT_MODULO:0.40M|TP_ACAB_TAMPO:LAMINADO|TIPO_ACAB:PINTURA FOSCA|EMBAL_REFORCADA:CAIXA MADEIRA,,2602.0
144328,12288506,26018,155,TABELA CENTURY 2026.2,MESA NICEIA,MESA,0.50M,0.50M,0.40M,PINTURA MTX,SEM CX MADEIRA,,,MODULACAO:MESA|FORMATO_MOD:QUADRADO|COMP_MODULO:0.50M|PROF_PRODUTO:0.50M|ALT_MODULO:0.40M|TP_ACAB_TAMPO:LAMINADO ESPECIAL|TIPO_ACAB:PINTURA MTX|EMBAL_REFORCADA:SEM CX MADEIRA,,2242.0
144329,12288504,26018,155,TABELA CENTURY 2026.2,MESA NICEIA,MESA,0.50M,0.50M,0.40M,PINTURA MTX,CAIXA MADEIRA,,,MODULACAO:MESA|FORMATO_MOD:QUADRADO|COMP_MODULO:0.50M|PROF_PRODUTO:0.50M|ALT_MODULO:0.40M|TP_ACAB_TAMPO:LAMINADO ESPECIAL|TIPO_ACAB:PINTURA MTX|EMBAL_REFORCADA:CAIXA MADEIRA,,2342.0
144330,12288503,26018,155,TABELA CENTURY 2026.2,MESA NICEIA,MESA,0.50M,0.50M,0.40M,PINTURA METALIZADO,SEM CX MADEIRA,,,MODULACAO:MESA|FORMATO_MOD:QUADRADO|COMP_MODULO:0.50M|PROF_PRODUTO:0.50M|ALT_MODULO:0.40M|TP_ACAB_TAMPO:LAMINADO ESPECIAL|TIPO_ACAB:PINTURA METALIZADO|EMBAL_REFORCADA:SEM CX MADEIRA,,2502.0
144331,12288501,26018,155,TABELA CENTURY 2026.2,MESA NICEIA,MESA,0.50M,0.50M,0.40M,PINTURA METALIZADO,CAIXA MADEIRA,,,MODULACAO:MESA|FORMATO_MOD:QUADRADO|COMP_MODULO:0.50M|PROF_PRODUTO:0.50M|ALT_MODULO:0.40M|TP_ACAB_TAMPO:LAMINADO ESPECIAL|TIPO_ACAB:PINTURA METALIZADO|EMBAL_REFORCADA:CAIXA MADEIRA,,2602.0
144332,12288500,26018,155,TABELA CENTURY 2026.2,MESA NICEIA,MESA,0.50M,0.50M,0.40M,PINTURA FOSCA,SEM CX MADEIRA,,,MODULACAO:MESA|FORMATO_MOD:QUADRADO|COMP_MODULO:0.50M|PROF_PRODUTO:0.50M|ALT_MODULO:0.40M|TP_ACAB_TAMPO:LAMINADO ESPECIAL|TIPO_ACAB:PINTURA FOSCA|EMBAL_REFORCADA:SEM CX MADEIRA,,2502.0
144333,12288498,26018,155,TABELA CENTURY 2026.2,MESA NICEIA,MESA,0.50M,0.50M,0.40M,PINTURA FOSCA,CAIXA MADEIRA,,,MODULACAO:MESA|FORMATO_MOD:QUADRADO|COMP_MODULO:0.50M|PROF_PRODUTO:0.50M|ALT_MODULO:0.40M|TP_ACAB_TAMPO:LAMINADO ESPECIAL|TIPO_ACAB:PINTURA FOSCA|EMBAL_REFORCADA:CAIXA MADEIRA,,2602.0
144334,12288497,26018,155,TABELA CENTURY 2026.2,MESA NICEIA,MESA,0.50M,0.50M,0.35M,PINTURA MTX,SEM CX MADEIRA,,,MODULACAO:MESA|FORMATO_MOD:QUADRADO|COMP_MODULO:0.50M|PROF_PRODUTO:0.50M|ALT_MODULO:0.35M|TP_ACAB_TAMPO:MARMORE|TIPO_ACAB:PINTURA MTX|EMBAL_REFORCADA:SEM CX MADEIRA,,2504.0
144335,12288495,26018,155,TABELA CENTURY 2026.2,MESA NICEIA,MESA,0.50M,0.50M,0.35M,PINTURA MTX,CAIXA MADEIRA,,,MODULACAO:MESA|FORMATO_MOD:QUADRADO|COMP_MODULO:0.50M|PROF_PRODUTO:0.50M|ALT_MODULO:0.35M|TP_ACAB_TAMPO:MARMORE|TIPO_ACAB:PINTURA MTX|EMBAL_REFORCADA:CAIXA MADEIRA,,2604.0
144336,12288494,26018,155,TABELA CENTURY 2026.2,MESA NICEIA,MESA,0.50M,0.50M,0.35M,PINTURA METALIZADO,SEM CX MADEIRA,,,MODULACAO:MESA|FORMATO_MOD:QUADRADO|COMP_MODULO:0.50M|PROF_PRODUTO:0.50M|ALT_MODULO:0.35M|TP_ACAB_TAMPO:MARMORE|TIPO_ACAB:PINTURA METALIZADO|EMBAL_REFORCADA:SEM CX MADEIRA,,2888.0
144337,12288492,26018,155,TABELA CENTURY 2026.2,MESA NICEIA,MESA,0.50M,0.50M,0.35M,PINTURA METALIZADO,CAIXA MADEIRA,,,MODULACAO:MESA|FORMATO_MOD:QUADRADO|COMP_MODULO:0.50M|PROF_PRODUTO:0.50M|ALT_MODULO:0.35M|TP_ACAB_TAMPO:MARMORE|TIPO_ACAB:PINTURA METALIZADO|EMBAL_REFORCADA:CAIXA MADEIRA,,2988.0
144338,12288490,26018,155,TABELA CENTURY 2026.2,MESA NICEIA,MESA,0.50M,0.50M,0.35M,PINTURA FOSCA,SEM CX MADEIRA,,,MODULACAO:MESA|FORMATO_MOD:QUADRADO|COMP_MODULO:0.50M|PROF_PRODUTO:0.50M|ALT_MODULO:0.35M|TP_ACAB_TAMPO:MARMORE|TIPO_ACAB:PINTURA FOSCA|EMBAL_REFORCADA:SEM CX MADEIRA,,2888.0
144339,12288489,26018,155,TABELA CENTURY 2026.2,MESA NICEIA,MESA,0.50M,0.50M,0.35M,PINTURA FOSCA,CAIXA MADEIRA,,,MODULACAO:MESA|FORMATO_MOD:QUADRADO|COMP_MODULO:0.50M|PROF_PRODUTO:0.50M|ALT_MODULO:0.35M|TP_ACAB_TAMPO:MARMORE|TIPO_ACAB:PINTURA FOSCA|EMBAL_REFORCADA:CAIXA MADEIRA,,2988.0
144340,12288487,26018,155,TABELA CENTURY 2026.2,MESA NICEIA,MESA,0.50M,0.50M,0.35M,PINTURA MTX,SEM CX MADEIRA,,,MODULACAO:MESA|FORMATO_MOD:QUADRADO|COMP_MODULO:0.50M|PROF_PRODUTO:0.50M|ALT_MODULO:0.35M|TP_ACAB_TAMPO:LAQUEADA|TIPO_ACAB:PINTURA MTX|EMBAL_REFORCADA:SEM CX MADEIRA,,2242.0
144341,12288486,26018,155,TABELA CENTURY 2026.2,MESA NICEIA,MESA,0.50M,0.50M,0.35M,PINTURA MTX,CAIXA MADEIRA,,,MODULACAO:MESA|FORMATO_MOD:QUADRADO|COMP_MODULO:0.50M|PROF_PRODUTO:0.50M|ALT_MODULO:0.35M|TP_ACAB_TAMPO:LAQUEADA|TIPO_ACAB:PINTURA MTX|EMBAL_REFORCADA:CAIXA MADEIRA,,2342.0
144342,12288484,26018,155,TABELA CENTURY 2026.2,MESA NICEIA,MESA,0.50M,0.50M,0.35M,PINTURA METALIZADO,SEM CX MADEIRA,,,MODULACAO:MESA|FORMATO_MOD:QUADRADO|COMP_MODULO:0.50M|PROF_PRODUTO:0.50M|ALT_MODULO:0.35M|TP_ACAB_TAMPO:LAQUEADA|TIPO_ACAB:PINTURA METALIZADO|EMBAL_REFORCADA:SEM CX MADEIRA,,2502.0
144343,12288483,26018,155,TABELA CENTURY 2026.2,MESA NICEIA,MESA,0.50M,0.50M,0.35M,PINTURA METALIZADO,CAIXA MADEIRA,,,MODULACAO:MESA|FORMATO_MOD:QUADRADO|COMP_MODULO:0.50M|PROF_PRODUTO:0.50M|ALT_MODULO:0.35M|TP_ACAB_TAMPO:LAQUEADA|TIPO_ACAB:PINTURA METALIZADO|EMBAL_REFORCADA:CAIXA MADEIRA,,2602.0
144344,12288481,26018,155,TABELA CENTURY 2026.2,MESA NICEIA,MESA,0.50M,0.50M,0.35M,PINTURA FOSCA,SEM CX MADEIRA,,,MODULACAO:MESA|FORMATO_MOD:QUADRADO|COMP_MODULO:0.50M|PROF_PRODUTO:0.50M|ALT_MODULO:0.35M|TP_ACAB_TAMPO:LAQUEADA|TIPO_ACAB:PINTURA FOSCA|EMBAL_REFORCADA:SEM CX MADEIRA,,2502.0
144345,12288480,26018,155,TABELA CENTURY 2026.2,MESA NICEIA,MESA,0.50M,0.50M,0.35M,PINTURA FOSCA,CAIXA MADEIRA,,,MODULACAO:MESA|FORMATO_MOD:QUADRADO|COMP_MODULO:0.50M|PROF_PRODUTO:0.50M|ALT_MODULO:0.35M|TP_ACAB_TAMPO:LAQUEADA|TIPO_ACAB:PINTURA FOSCA|EMBAL_REFORCADA:CAIXA MADEIRA,,2602.0
144346,12288478,26018,155,TABELA CENTURY 2026.2,MESA NICEIA,MESA,0.50M,0.50M,0.35M,PINTURA MTX,SEM CX MADEIRA,,,MODULACAO:MESA|FORMATO_MOD:QUADRADO|COMP_MODULO:0.50M|PROF_PRODUTO:0.50M|ALT_MODULO:0.35M|TP_ACAB_TAMPO:LAQUEADA METALIZADO|TIPO_ACAB:PINTURA MTX|EMBAL_REFORCADA:SEM CX MADEIRA,,2242.0
144347,12288477,26018,155,TABELA CENTURY 2026.2,MESA NICEIA,MESA,0.50M,0.50M,0.35M,PINTURA MTX,CAIXA MADEIRA,,,MODULACAO:MESA|FORMATO_MOD:QUADRADO|COMP_MODULO:0.50M|PROF_PRODUTO:0.50M|ALT_MODULO:0.35M|TP_ACAB_TAMPO:LAQUEADA METALIZADO|TIPO_ACAB:PINTURA MTX|EMBAL_REFORCADA:CAIXA MADEIRA,,2342.0
144348,12288475,26018,155,TABELA CENTURY 2026.2,MESA NICEIA,MESA,0.50M,0.50M,0.35M,PINTURA METALIZADO,SEM CX MADEIRA,,,MODULACAO:MESA|FORMATO_MOD:QUADRADO|COMP_MODULO:0.50M|PROF_PRODUTO:0.50M|ALT_MODULO:0.35M|TP_ACAB_TAMPO:LAQUEADA METALIZADO|TIPO_ACAB:PINTURA METALIZADO|EMBAL_REFORCADA:SEM CX MADEIRA,,2502.0
144349,12288474,26018,155,TABELA CENTURY 2026.2,MESA NICEIA,MESA,0.50M,0.50M,0.35M,PINTURA METALIZADO,CAIXA MADEIRA,,,MODULACAO:MESA|FORMATO_MOD:QUADRADO|COMP_MODULO:0.50M|PROF_PRODUTO:0.50M|ALT_MODULO:0.35M|TP_ACAB_TAMPO:LAQUEADA METALIZADO|TIPO_ACAB:PINTURA METALIZADO|EMBAL_REFORCADA:CAIXA MADEIRA,,2602.0
144350,12288472,26018,155,TABELA CENTURY 2026.2,MESA NICEIA,MESA,0.50M,0.50M,0.35M,PINTURA FOSCA,SEM CX MADEIRA,,,MODULACAO:MESA|FORMATO_MOD:QUADRADO|COMP_MODULO:0.50M|PROF_PRODUTO:0.50M|ALT_MODULO:0.35M|TP_ACAB_TAMPO:LAQUEADA METALIZADO|TIPO_ACAB:PINTURA FOSCA|EMBAL_REFORCADA:SEM CX MADEIRA,,2502.0
144351,12288471,26018,155,TABELA CENTURY 2026.2,MESA NICEIA,MESA,0.50M,0.50M,0.35M,PINTURA FOSCA,CAIXA MADEIRA,,,MODULACAO:MESA|FORMATO_MOD:QUADRADO|COMP_MODULO:0.50M|PROF_PRODUTO:0.50M|ALT_MODULO:0.35M|TP_ACAB_TAMPO:LAQUEADA METALIZADO|TIPO_ACAB:PINTURA FOSCA|EMBAL_REFORCADA:CAIXA MADEIRA,,2602.0
144352,12288469,26018,155,TABELA CENTURY 2026.2,MESA NICEIA,MESA,0.50M,0.50M,0.35M,PINTURA MTX,SEM CX MADEIRA,,,MODULACAO:MESA|FORMATO_MOD:QUADRADO|COMP_MODULO:0.50M|PROF_PRODUTO:0.50M|ALT_MODULO:0.35M|TP_ACAB_TAMPO:LAMINADO|TIPO_ACAB:PINTURA MTX|EMBAL_REFORCADA:SEM CX MADEIRA,,2242.0
144353,12288468,26018,155,TABELA CENTURY 2026.2,MESA NICEIA,MESA,0.50M,0.50M,0.35M,PINTURA MTX,CAIXA MADEIRA,,,MODULACAO:MESA|FORMATO_MOD:QUADRADO|COMP_MODULO:0.50M|PROF_PRODUTO:0.50M|ALT_MODULO:0.35M|TP_ACAB_TAMPO:LAMINADO|TIPO_ACAB:PINTURA MTX|EMBAL_REFORCADA:CAIXA MADEIRA,,2342.0
144354,12288467,26018,155,TABELA CENTURY 2026.2,MESA NICEIA,MESA,0.50M,0.50M,0.35M,PINTURA METALIZADO,SEM CX MADEIRA,,,MODULACAO:MESA|FORMATO_MOD:QUADRADO|COMP_MODULO:0.50M|PROF_PRODUTO:0.50M|ALT_MODULO:0.35M|TP_ACAB_TAMPO:LAMINADO|TIPO_ACAB:PINTURA METALIZADO|EMBAL_REFORCADA:SEM CX MADEIRA,,2502.0
144355,12288465,26018,155,TABELA CENTURY 2026.2,MESA NICEIA,MESA,0.50M,0.50M,0.35M,PINTURA METALIZADO,CAIXA MADEIRA,,,MODULACAO:MESA|FORMATO_MOD:QUADRADO|COMP_MODULO:0.50M|PROF_PRODUTO:0.50M|ALT_MODULO:0.35M|TP_ACAB_TAMPO:LAMINADO|TIPO_ACAB:PINTURA METALIZADO|EMBAL_REFORCADA:CAIXA MADEIRA,,2602.0
144356,12288463,26018,155,TABELA CENTURY 2026.2,MESA NICEIA,MESA,0.50M,0.50M,0.35M,PINTURA FOSCA,SEM CX MADEIRA,,,MODULACAO:MESA|FORMATO_MOD:QUADRADO|COMP_MODULO:0.50M|PROF_PRODUTO:0.50M|ALT_MODULO:0.35M|TP_ACAB_TAMPO:LAMINADO|TIPO_ACAB:PINTURA FOSCA|EMBAL_REFORCADA:SEM CX MADEIRA,,2502.0
144357,12288462,26018,155,TABELA CENTURY 2026.2,MESA NICEIA,MESA,0.50M,0.50M,0.35M,PINTURA FOSCA,CAIXA MADEIRA,,,MODULACAO:MESA|FORMATO_MOD:QUADRADO|COMP_MODULO:0.50M|PROF_PRODUTO:0.50M|ALT_MODULO:0.35M|TP_ACAB_TAMPO:LAMINADO|TIPO_ACAB:PINTURA FOSCA|EMBAL_REFORCADA:CAIXA MADEIRA,,2602.0
144358,12288460,26018,155,TABELA CENTURY 2026.2,MESA NICEIA,MESA,0.50M,0.50M,0.35M,PINTURA MTX,SEM CX MADEIRA,,,MODULACAO:MESA|FORMATO_MOD:QUADRADO|COMP_MODULO:0.50M|PROF_PRODUTO:0.50M|ALT_MODULO:0.35M|TP_ACAB_TAMPO:LAMINADO ESPECIAL|TIPO_ACAB:PINTURA MTX|EMBAL_REFORCADA:SEM CX MADEIRA,,2242.0
144359,12288459,26018,155,TABELA CENTURY 2026.2,MESA NICEIA,MESA,0.50M,0.50M,0.35M,PINTURA MTX,CAIXA MADEIRA,,,MODULACAO:MESA|FORMATO_MOD:QUADRADO|COMP_MODULO:0.50M|PROF_PRODUTO:0.50M|ALT_MODULO:0.35M|TP_ACAB_TAMPO:LAMINADO ESPECIAL|TIPO_ACAB:PINTURA MTX|EMBAL_REFORCADA:CAIXA MADEIRA,,2342.0
144360,12288457,26018,155,TABELA CENTURY 2026.2,MESA NICEIA,MESA,0.50M,0.50M,0.35M,PINTURA METALIZADO,SEM CX MADEIRA,,,MODULACAO:MESA|FORMATO_MOD:QUADRADO|COMP_MODULO:0.50M|PROF_PRODUTO:0.50M|ALT_MODULO:0.35M|TP_ACAB_TAMPO:LAMINADO ESPECIAL|TIPO_ACAB:PINTURA METALIZADO|EMBAL_REFORCADA:SEM CX MADEIRA,,2502.0
144361,12288456,26018,155,TABELA CENTURY 2026.2,MESA NICEIA,MESA,0.50M,0.50M,0.35M,PINTURA METALIZADO,CAIXA MADEIRA,,,MODULACAO:MESA|FORMATO_MOD:QUADRADO|COMP_MODULO:0.50M|PROF_PRODUTO:0.50M|ALT_MODULO:0.35M|TP_ACAB_TAMPO:LAMINADO ESPECIAL|TIPO_ACAB:PINTURA METALIZADO|EMBAL_REFORCADA:CAIXA MADEIRA,,2602.0
144362,12288454,26018,155,TABELA CENTURY 2026.2,MESA NICEIA,MESA,0.50M,0.50M,0.35M,PINTURA FOSCA,SEM CX MADEIRA,,,MODULACAO:MESA|FORMATO_MOD:QUADRADO|COMP_MODULO:0.50M|PROF_PRODUTO:0.50M|ALT_MODULO:0.35M|TP_ACAB_TAMPO:LAMINADO ESPECIAL|TIPO_ACAB:PINTURA FOSCA|EMBAL_REFORCADA:SEM CX MADEIRA,,2502.0
144363,12288453,26018,155,TABELA CENTURY 2026.2,MESA NICEIA,MESA,0.50M,0.50M,0.35M,PINTURA FOSCA,CAIXA MADEIRA,,,MODULACAO:MESA|FORMATO_MOD:QUADRADO|COMP_MODULO:0.50M|PROF_PRODUTO:0.50M|ALT_MODULO:0.35M|TP_ACAB_TAMPO:LAMINADO ESPECIAL|TIPO_ACAB:PINTURA FOSCA|EMBAL_REFORCADA:CAIXA MADEIRA,,2602.0
144364,12288589,26018,155,TABELA CENTURY 2026.2,MESA NICEIA,MESA,0.50M,0.50M,0.50M,PINTURA MTX,SEM CX MADEIRA,,,MODULACAO:MESA|FORMATO_MOD:QUADRADO|COMP_MODULO:0.50M|PROF_PRODUTO:0.50M|ALT_MODULO:0.50M|TP_ACAB_TAMPO:MARMORE|TIPO_ACAB:PINTURA MTX|EMBAL_REFORCADA:SEM CX MADEIRA,,2504.0
144365,12288588,26018,155,TABELA CENTURY 2026.2,MESA NICEIA,MESA,0.50M,0.50M,0.50M,PINTURA MTX,CAIXA MADEIRA,,,MODULACAO:MESA|FORMATO_MOD:QUADRADO|COMP_MODULO:0.50M|PROF_PRODUTO:0.50M|ALT_MODULO:0.50M|TP_ACAB_TAMPO:MARMORE|TIPO_ACAB:PINTURA MTX|EMBAL_REFORCADA:CAIXA MADEIRA,,2604.0
144366,12288586,26018,155,TABELA CENTURY 2026.2,MESA NICEIA,MESA,0.50M,0.50M,0.50M,PINTURA METALIZADO,SEM CX MADEIRA,,,MODULACAO:MESA|FORMATO_MOD:QUADRADO|COMP_MODULO:0.50M|PROF_PRODUTO:0.50M|ALT_MODULO:0.50M|TP_ACAB_TAMPO:MARMORE|TIPO_ACAB:PINTURA METALIZADO|EMBAL_REFORCADA:SEM CX MADEIRA,,2888.0
144367,12288585,26018,155,TABELA CENTURY 2026.2,MESA NICEIA,MESA,0.50M,0.50M,0.50M,PINTURA METALIZADO,CAIXA MADEIRA,,,MODULACAO:MESA|FORMATO_MOD:QUADRADO|COMP_MODULO:0.50M|PROF_PRODUTO:0.50M|ALT_MODULO:0.50M|TP_ACAB_TAMPO:MARMORE|TIPO_ACAB:PINTURA METALIZADO|EMBAL_REFORCADA:CAIXA MADEIRA,,2988.0
144368,12288583,26018,155,TABELA CENTURY 2026.2,MESA NICEIA,MESA,0.50M,0.50M,0.50M,PINTURA FOSCA,SEM CX MADEIRA,,,MODULACAO:MESA|FORMATO_MOD:QUADRADO|COMP_MODULO:0.50M|PROF_PRODUTO:0.50M|ALT_MODULO:0.50M|TP_ACAB_TAMPO:MARMORE|TIPO_ACAB:PINTURA FOSCA|EMBAL_REFORCADA:SEM CX MADEIRA,,2888.0
144369,12288582,26018,155,TABELA CENTURY 2026.2,MESA NICEIA,MESA,0.50M,0.50M,0.50M,PINTURA FOSCA,CAIXA MADEIRA,,,MODULACAO:MESA|FORMATO_MOD:QUADRADO|COMP_MODULO:0.50M|PROF_PRODUTO:0.50M|ALT_MODULO:0.50M|TP_ACAB_TAMPO:MARMORE|TIPO_ACAB:PINTURA FOSCA|EMBAL_REFORCADA:CAIXA MADEIRA,,2988.0
144370,12288580,26018,155,TABELA CENTURY 2026.2,MESA NICEIA,MESA,0.50M,0.50M,0.50M,PINTURA MTX,SEM CX MADEIRA,,,MODULACAO:MESA|FORMATO_MOD:QUADRADO|COMP_MODULO:0.50M|PROF_PRODUTO:0.50M|ALT_MODULO:0.50M|TP_ACAB_TAMPO:LAQUEADA|TIPO_ACAB:PINTURA MTX|EMBAL_REFORCADA:SEM CX MADEIRA,,2242.0
144371,12288578,26018,155,TABELA CENTURY 2026.2,MESA NICEIA,MESA,0.50M,0.50M,0.50M,PINTURA MTX,CAIXA MADEIRA,,,MODULACAO:MESA|FORMATO_MOD:QUADRADO|COMP_MODULO:0.50M|PROF_PRODUTO:0.50M|ALT_MODULO:0.50M|TP_ACAB_TAMPO:LAQUEADA|TIPO_ACAB:PINTURA MTX|EMBAL_REFORCADA:CAIXA MADEIRA,,2342.0
144372,12288577,26018,155,TABELA CENTURY 2026.2,MESA NICEIA,MESA,0.50M,0.50M,0.50M,PINTURA METALIZADO,SEM CX MADEIRA,,,MODULACAO:MESA|FORMATO_MOD:QUADRADO|COMP_MODULO:0.50M|PROF_PRODUTO:0.50M|ALT_MODULO:0.50M|TP_ACAB_TAMPO:LAQUEADA|TIPO_ACAB:PINTURA METALIZADO|EMBAL_REFORCADA:SEM CX MADEIRA,,2502.0
144373,12288575,26018,155,TABELA CENTURY 2026.2,MESA NICEIA,MESA,0.50M,0.50M,0.50M,PINTURA METALIZADO,CAIXA MADEIRA,,,MODULACAO:MESA|FORMATO_MOD:QUADRADO|COMP_MODULO:0.50M|PROF_PRODUTO:0.50M|ALT_MODULO:0.50M|TP_ACAB_TAMPO:LAQUEADA|TIPO_ACAB:PINTURA METALIZADO|EMBAL_REFORCADA:CAIXA MADEIRA,,2602.0
144374,12288572,26018,155,TABELA CENTURY 2026.2,MESA NICEIA,MESA,0.50M,0.50M,0.50M,PINTURA FOSCA,CAIXA MADEIRA,,,MODULACAO:MESA|FORMATO_MOD:QUADRADO|COMP_MODULO:0.50M|PROF_PRODUTO:0.50M|ALT_MODULO:0.50M|TP_ACAB_TAMPO:LAQUEADA|TIPO_ACAB:PINTURA FOSCA|EMBAL_REFORCADA:CAIXA MADEIRA,,2602.0
